{
   "pres": [[[1000,950,900,850,800,750,700,650,600,550,500,450,400,350,300,250,200,150,100,80,60]]],
   "hght": [[[110.88141516805243347692,540.32111808046001102769,988.46834109654920211692,1457.24878199162417073230,1948.91458280142189400615,2466.12421519233116100923,3012.04875280188933814153,3590.51584101936636361846,4206.20881375809511133538,4864.94870137678859416615,5574.10480124070696945230,6343.21210340849615335384,7184.93637710741063926153,8116.65519512233646326153,9163.20362890493100893538,10362.01227280742030134153,11773.72693144451928561230,13507.45807994255966045538,15795.29131348591982193230,15795.29131348591982193230,15795.29131348591982193230]]],
   "tmpc": [[[10,10,10,10,10,10,10,10,10,10,10,10,10,10,10,-4.4,-21,-40.9,-66.4,-79.2,-94.5]]],
   "dwpt": [[[10,5.9,1.6,-2.9,-7.5,-12.4,-17.5,-22.8,-28.5,-34.5,-40.9,-47.8,-55.3,-63.4,-72.5,-82.7,-82.7,-82.7,-82.7,-82.7,-82.7]]],
   "wdir": [[[150,170,180,190,210,220,225,230,235,240,240,245,240,250,250,250,250,250,250,250,250]]],
   "wspd": [[[10,20,30,40,40,45,45,50,55,60,65,70,85,85,95,100,80,60,55,50,50]]]
}
