{
   "pres": [[[850,840,830,820,800,750,700,650,600,550,500,450,400,350,300,250,200,150,100]]],
   "hght": [[[1457.24878199162417073230,1553.67247640255185624615,1651.03008533647084888615,1749.34207148965144836923,1948.91458280142189400615,2466.12421519233116100923,3012.04875280188933814153,3590.51584101936636361846,4206.20881375809511133538,4864.94870137678859416615,5574.10480124070696945230,6343.21210340849615335384,7184.93637710741063926153,8116.65519512233646326153,9163.20362890493100893538,10362.01227280742030134153,11773.72693144451928561230,13507.45807994255966045538,15795.29131348591982193230]]],
   "tmpc": [[[23.1,22,21,20,18.1,13,7.7,6.0,2.4,-1.6,-6.1,-10.8,-16.8,-23.8,-33.6,-45.3,-56.8,-60.2,-64.0]]],
   "dwpt": [[[0,0,0,0,-0.5,-0.7,-2.8,4.8,0.4,-9.1,-16.0,-19.1,-22.9,-31.0,-38.8,-62.6,-66.6,-69.8,-74.2]]],
   "wdir": [[[135,150,165,210,225,240,240,245,250,250,250,250,255,260,260,250,250,250,250]]],
   "wspd": [[[10,20,25,35,40,45,45,50,55,60,65,70,70,80,80,85,70,55,50]]]
}
