{
   "pres": [[[959,931,900,850,808,790,751,700,655,600,550,500,450,400,336,300,250]]],
   "hght": [[[461.69275235412533759999,708.31535759686408851692,988.46834109654920211692,1457.24878199162417073230,1868.60608798869587652923,2050.21969185935510651076,2455.51015427060551679999,3012.04875280188933814153,3531.07906658233403505230,4206.20881375809511133538,4864.94870137678859416615,5574.10480124070696945230,6343.21210340849615335384,7184.93637710741063926153,8396.79712776843746067692,9163.20362890493100893538,10362.01227280742030134153]]],
   "tmpc": [[[22.2,20.3,18.4,17,15,16,12,7,2,-4,-10,-15,-20,-27,-37,-44,-53]]],
   "dwpt": [[[19.0,17.5,16.9,13,1,-11,-11,-10,-17,-16,-15,-19,-23,-30,-41,-48,-57]]],
   "wdir": [[[160,165,175,195,205,211,215,220,220,225,220,225,235,235,235,245,250]]],
   "wspd": [[[17,41,39,39,37,41,43,37,37,39,39,37,42,41,47,39,70]]]
}
