{
   "pres": [[[966,937,904,850,811,754,700,650,600,555,500,400,358,300,250,200,150,100]]],
   "hght": [[[400.94936216882722899692,654.96701946326178284307,951.88466607841451298461,1457.24878199162417073230,1838.65633127115142951384,2423.73648185856934936615,3012.04875280188933814153,3590.51584101936636361846,4206.20881375809511133538,4796.94209341287918838153,5574.10480124070696945230,7184.93637710741063926153,7960.62454198349221794461,9163.20362890493100893538,10362.01227280742030134153,11773.72693144451928561230,13507.45807994255966045538,15795.29131348591982193230]]],
   "tmpc": [[[18.2,16.8,15.1,12.4,14,9,4,0,-7,-9,-14,-28,-35,-45,-54,-58.0,-54.0,-60]]],
   "dwpt": [[[16.9,15.9,14.2,8.6,-4,-10,-15,-16,-17,-44,-46,-52,-47,-58,-65,-71,-78,-84]]],
   "wdir": [[[180,190,205,215,215,250,260,275,280,260,250,260,258,260,260,265,245,240]]],
   "wspd": [[[16,27,35,31,23,16,23,25,25,35,33,41,45,56,58,58,41,21]]]
}
