{
   "pres": [[[1000,950,900,850,800,750,700,650,600,550,500,450,400,350,300,250,200,150,100]]],
   "hght": [[[110.88141516805243347692,540.32111808046001102769,988.46834109654920211692,1457.24878199162417073230,1948.91458280142189400615,2466.12421519233116100923,3012.04875280188933814153,3590.51584101936636361846,4206.20881375809511133538,4864.94870137678859416615,5574.10480124070696945230,6343.21210340849615335384,7184.93637710741063926153,8116.65519512233646326153,9163.20362890493100893538,10362.01227280742030134153,11773.72693144451928561230,13507.45807994255966045538,15795.29131348591982193230]]],
   "tmpc": [[[4.1,3.3,2.0,3.0,4.1,1.1,-2.4,-7.1,-11.7,-16.3,-21.9,-29.4,-37.5,-45.3,-50.1,-53.0,-56.6,-60.0,-64.0]]],
   "dwpt": [[[3.9,2.8,1.7,2.5,3.1,1.1,-2.4,-9.3,-14.1,-19.4,-31.7,-32.2,-57.1,-70.0,-75.0,-83.1,-86.1,-110.1,-110.0]]],
   "wdir": [[[150,160,180,195,200,200,205,205,205,210,210,210,220,220,220,230,235,235,235]]],
   "wspd": [[[20,25,30,50,45,45,55,60,65,80,90,95,110,125,120,90,75,65,55]]]
}
