{
   "pres": [[[1000,300,60]]],
   "hght": [[[110.88141516805243347692,9163.20362890493100893538,15795.29131348591982193230]]],
   "tmpc": [[[0,0,-100.8]]],
   "dwpt": [[[0,-79.5,-79.5]]],
   "wdir": [[[150,250,250]]],
   "wspd": [[[10,95,50]]]
}
