{
   "pres": [[[976,962,925,883,850,801,708,700,678,634,610,601,592,588,540,500,484,446,400,353,300,250,200,150,100]]],
   "hght": [[[314.78835199973770279384,435.61605994996380701538,761.94279180695752172307,1145.43324846515953639384,1457.24878199162417073230,1938.84055938542057471999,2922.62245959186445425230,3012.04875280188933814153,3262.31050280820625329230,3783.23480479147346614153,4079.83195492693845430153,4193.49471611890824398769,4308.54403556189965823999,4360.13211415138186707692,5002.47752441673634914461,5574.10480124070696945230,5813.16451229063711985230,6407.68281753877881452307,7184.93637710741063926153,8057.80856327891767399384,9163.20362890493100893538,10362.01227280742030134153,11773.72693144451928561230,13507.45807994255966045538,15795.29131348591982193230]]],
   "tmpc": [[[19.4,23.4,21.8,18.6,16,12.8,5.4,5.4,5.6,2.3,0.8,0.6,0.2,0,-4.1,-8.7,-9.3,-12.9,-18.5,-24.5,-33.9,-44.3,-56.7,-68.5,-66.5]]],
   "dwpt": [[[18.2,17.4,15.8,13.5,11.6,0.8,-1.6,-12.6,-17.4,-13.2,-21.2,-14.4,-20.8,-4.4,-10.1,-12.7,-21.3,-17.9,-22.4,-30.5,-38.9,-52.3,-63.7,-74.5,-73.5]]],
   "wdir": [[[140,155,197,245,250,260,263,265,276,280,280,281,282,283,291,280,275,281,295,291,295,310,315,330,335]]],
   "wspd": [[[3,3,4,5,5,7,8,8,9,11,14,15,17,17,22,24,23,20,20,24,30,31,40,44,22]]]
}
