{
   "pres": [[[1000,950,900,850,800,750,700,650,600,550,500,450,400,350,300,250,200,150,100]]],
   "hght": [[[110.88141516805243347692,540.32111808046001102769,988.46834109654920211692,1457.24878199162417073230,1948.91458280142189400615,2466.12421519233116100923,3012.04875280188933814153,3590.51584101936636361846,4206.20881375809511133538,4864.94870137678859416615,5574.10480124070696945230,6343.21210340849615335384,7184.93637710741063926153,8116.65519512233646326153,9163.20362890493100893538,10362.01227280742030134153,11773.72693144451928561230,13507.45807994255966045538,15795.29131348591982193230]]],
   "tmpc": [[[19.1,17.4,13.3,9.8,5.7,6.4,0.3,-3.6,-8,-13.2,-19.4,-25.7,-33.7,-40.7,-48.9,-58.4,-56.8,-60,-64.0]]],
   "dwpt": [[[17.6,15.0,9.8,5.7,1.2,-9.6,-13.5,-17.4,-21.6,-23.8,-28.3,-35.4,-40.2,-46.7,-99,-106.1,-114.9,-126.1,-142.0]]],
   "wdir": [[[150,170,180,190,210,220,225,230,235,240,240,245,240,250,250,250,250,250,250]]],
   "wspd": [[[10,20,30,40,40,45,45,50,55,60,65,70,85,85,95,100,80,60,55]]]
}
