{
   "pres": [[[1000,950,900,850,800,750,700,650,600,550,500,450,400,350,300,250,200,150,100]]],
   "hght": [[[110.88141516805243347692,540.32111808046001102769,988.46834109654920211692,1457.24878199162417073230,1948.91458280142189400615,2466.12421519233116100923,3012.04875280188933814153,3590.51584101936636361846,4206.20881375809511133538,4864.94870137678859416615,5574.10480124070696945230,6343.21210340849615335384,7184.93637710741063926153,8116.65519512233646326153,9163.20362890493100893538,10362.01227280742030134153,11773.72693144451928561230,13507.45807994255966045538,15795.29131348591982193230]]],
   "tmpc": [[[18.3,16.1,15,11,6.8,9.8,4.9,-0.8,-7,-13.2,-20,-26.5,-31.7,-40.7,-48.1,-52.6,-56.8,-60.2,-64.0]]],
   "dwpt": [[[15,15,15,11,6.8,-20.3,-14.5,-16.4,-21.2,-23.8,-25.7,-42.1,-42.4,-46.5,-54.9,-62.6,-66.6,-69.8,-74.2]]],
   "wdir": [[[150,170,180,195,200,215,225,235,235,245,250,260,275,260,260,250,250,260,260]]],
   "wspd": [[[10,20,30,40,40,45,40,40,45,50,60,60,65,75,85,90,75,55,45]]]
}
