{
   "pres": [[[1000,950,900,850,800,750,700,650,600,550,500,450,400,350,300,250,200,150,100]]],
   "hght": [[[110.88141516805243347692,540.32111808046001102769,988.46834109654920211692,1457.24878199162417073230,1948.91458280142189400615,2466.12421519233116100923,3012.04875280188933814153,3590.51584101936636361846,4206.20881375809511133538,4864.94870137678859416615,5574.10480124070696945230,6343.21210340849615335384,7184.93637710741063926153,8116.65519512233646326153,9163.20362890493100893538,10362.01227280742030134153,11773.72693144451928561230,13507.45807994255966045538,15795.29131348591982193230]]],
   "tmpc": [[[25,23,18.8,14.4,9.4,4.2,1,-2,-5.8,-10.2,-15,-20.3,-28.1,-36.3,-46.3,-52.0,-56.0,-60.2,-64.0]]],
   "dwpt": [[[17.2,5.7,-0.7,-4.7,-8.3,-0.1,-0,-3,-10.1,-23.6,-26.1,-30.2,-40,-45.9,-54.1,-61.2,-66.6,-69.8,-74.2]]],
   "wdir": [[[190,180,170,195,200,210,215,220,225,225,230,240,250,250,250,250,250,250,250]]],
   "wspd": [[[10,15,25,40,30,35,35,40,50,50,55,55,60,65,70,65,65,55,50]]]
}
