{
   "pres": [[[1000,950,900,850,800,750,700,650,600,550,500,450,400,350,300,250,200,150,100]]],
   "hght": [[[110.88141516805243347692,540.32111808046001102769,988.46834109654920211692,1457.24878199162417073230,1948.91458280142189400615,2466.12421519233116100923,3012.04875280188933814153,3590.51584101936636361846,4206.20881375809511133538,4864.94870137678859416615,5574.10480124070696945230,6343.21210340849615335384,7184.93637710741063926153,8116.65519512233646326153,9163.20362890493100893538,10362.01227280742030134153,11773.72693144451928561230,13507.45807994255966045538,15795.29131348591982193230]]],
   "tmpc": [[[-1.1,0.5,2.9,5.0,2.0,-1.1,-4.6,-8.5,-12.5,-16.7,-21.9,-28.2,-36.3,-45.3,-52.1,-53.0,-56.6,-60.0,-64.0]]],
   "dwpt": [[[-1.1,0.7,2.2,4.0,1.9,-1.1,-4.6,-8.5,-12.7,-17.8,-23.3,-48.6,-61.8,-47.3,-59.1,-83.1,-85.9,-90.1,-110.0]]],
   "wdir": [[[120,120,140,160,170,200,215,215,215,220,220,220,220,230,230,235,240,240,240]]],
   "wspd": [[[15,25,30,40,40,45,45,50,50,60,75,80,90,110,100,85,75,65,55]]]
}
